{"train/loss": 0.021, "train/learning_rate": 6.863774211773866e-11, "train/epoch": 25.0, "train/global_step": 1975, "_timestamp": 1706797862.2129226, "_runtime": 596.3730165958405, "_step": 1162, "train/tl_accuracy": 0.29559748427672955, "train/tl_distance": 0.005425570532679558, "train/car_error": 0.25647270679473877, "train/ped_error": 0.4611549377441406, "train/lon_control_error": 0.20860198140144348, "train/lat_control_error": 0.4239211678504944, "eval/loss": 0.10579784214496613, "eval/runtime": 7.3424, "eval/samples_per_second": 216.552, "eval/steps_per_second": 27.103, "train/train_runtime": 597.7221, "train/train_samples_per_second": 418.255, "train/train_steps_per_second": 3.304, "train/total_flos": 0.0, "train/train_loss": 0.14144546346762513, "_wandb": {"runtime": 595}}